{"cameraMode":{"drawMode":0,"name":"Shaded","section":"Shading Mode"},"sceneLighting":false,"audioPlay":false,"sceneViewState":{"m_AlwaysRefresh":false,"showFog":false,"showSkybox":false,"showFlares":false,"showImageEffects":false,"showParticleSystems":false,"showVisualEffectGraphs":true,"m_FxEnabled":true},"in2DMode":false,"pivot":{"x":0.7046675682067871,"y":1.1837091445922852,"z":0.10472513735294342},"rotation":{"x":0.0022007611114531757,"y":0.9942728877067566,"z":-0.020882893353700639,"w":0.10478422045707703},"size":0.7280003428459168,"orthographic":true}