{"cameraMode":{"drawMode":0,"name":"Shaded","section":"Shading Mode"},"sceneLighting":true,"audioPlay":false,"sceneViewState":{"m_AlwaysRefresh":false,"showFog":true,"showSkybox":true,"showFlares":true,"showImageEffects":true,"showParticleSystems":true,"showVisualEffectGraphs":true,"m_FxEnabled":true},"in2DMode":false,"pivot":{"x":-2.6059811115264894,"y":2.618725299835205,"z":5.367371559143066},"rotation":{"x":-0.08382594585418701,"y":0.03672372177243233,"z":-0.004096153657883406,"w":-0.9960162043571472},"size":7.183014869689941,"orthographic":false}